timestamp,open,high,low,close,volume
2023-01-01,100,101,99,100,1000
2023-01-02,100,101,99,100,1000
2023-01-03,100,101,99,100,1000
2023-01-04,100,101,99,100,1000
2023-01-05,100,101,99,100,1000
2023-01-06,100,101,99,100,1000
2023-01-07,100,101,99,100,1000
2023-01-08,100,101,99,100,1000
2023-01-09,100,101,99,100,1000
2023-01-10,100,101,99,100,1000
2023-01-11,100,101,99,100,1000
2023-01-12,100,101,99,100,1000
2023-01-13,100,101,99,100,1000
2023-01-14,100,101,99,100,1000
2023-01-15,100,101,99,100,1000
2023-01-16,100,101,99,100,1000
2023-01-17,100,101,99,100,1000
2023-01-18,100,101,99,100,1000
2023-01-19,100,101,99,100,1000
2023-01-20,100,101,99,100,1000
2023-01-21,100,101,99,100,1000
2023-01-22,101,103,100,102,1500
2023-01-23,103,106,102,105,1600
2023-01-24,105,110,104,109,1700
2023-01-25,109,114,108,113,1700
2023-01-26,113,118,112,117,1700
2023-01-27,117,120,115,116,1500
2023-01-28,116,117,110,111,1500
2023-01-29,111,113,108,109,1500
2023-01-30,109,111,106,107,1500
2023-01-31,107,109,104,105,1500
2023-02-01,105,106,101,102,1500
2023-02-02,102,104,99,100,1500
